{"cameraMode":{"drawMode":0,"name":"Shaded","section":"Shading Mode"},"sceneLighting":true,"audioPlay":false,"sceneViewState":{"showFog":false,"showMaterialUpdate":false,"showSkybox":false,"showFlares":false,"showImageEffects":false,"showParticleSystems":false},"in2DMode":false,"pivot":{"x":-7.355539798736572,"y":1.9854226112365723,"z":-2.478351593017578},"rotation":{"x":-0.20287571847438813,"y":0.01264365017414093,"z":-0.0026182876899838449,"w":-0.9791262149810791},"size":10.0,"orthographic":false}